{"distance":2.310940980911255,"angle":63.412357330322269,"time":0.12165670096874237}
{"distance":2.330510377883911,"angle":71.36922454833985,"time":0.224385604262352}
{"distance":2.3541979789733888,"angle":74.66625213623047,"time":0.3272109925746918}
{"distance":2.3541979789733888,"angle":74.66625213623047,"time":0.522942304611206}
{"distance":2.3541979789733888,"angle":74.66625213623047,"time":0.8916846513748169}
{"distance":1.7116893529891968,"angle":69.00285339355469,"time":0.9950972199440002}
{"distance":2.158372640609741,"angle":73.29109191894531,"time":1.1084522008895875}
{"distance":2.0614209175109865,"angle":72.51526641845703,"time":1.2119524478912354}
{"distance":1.8556159734725953,"angle":70.60519409179688,"time":1.3164905309677125}
{"distance":2.4470369815826418,"angle":75.24238586425781,"time":1.420952320098877}
{"distance":2.9244301319122316,"angle":77.63368225097656,"time":1.6034409999847413}
{"distance":3.370727300643921,"angle":79.261962890625,"time":1.7106742858886719}
{"distance":3.3605971336364748,"angle":79.2297592163086,"time":1.8109186887741089}
{"distance":3.3605971336364748,"angle":79.2297592163086,"time":1.9115893840789796}
{"distance":3.4063401222229006,"angle":79.37364959716797,"time":2.0143470764160158}
{"distance":3.4287102222442629,"angle":79.44263458251953,"time":2.118849277496338}
{"distance":3.3618690967559816,"angle":79.23381805419922,"time":2.2231552600860597}
{"distance":3.354433298110962,"angle":79.21007537841797,"time":2.3293614387512209}
{"distance":3.354433298110962,"angle":79.21007537841797,"time":2.734086036682129}
{"distance":3.354433298110962,"angle":79.21007537841797,"time":2.8347439765930177}
{"distance":3.354433298110962,"angle":79.21007537841797,"time":2.934791088104248}
{"distance":3.354433298110962,"angle":79.21007537841797,"time":3.0358328819274904}
{"distance":2.9646763801574709,"angle":77.8004379272461,"time":3.138868808746338}
{"distance":2.4508047103881838,"angle":75.26485443115235,"time":3.239488124847412}
{"distance":2.0871479511260988,"angle":72.72804260253906,"time":3.4060213565826418}
{"distance":1.5913279056549073,"angle":67.4461441040039,"time":3.7809932231903078}
{"distance":3.454719066619873,"angle":79.52172088623047,"time":3.886772632598877}
{"distance":4.005183219909668,"angle":80.95609283447266,"time":3.9893932342529299}
{"distance":4.594723701477051,"angle":82.11298370361328,"time":4.093795299530029}
{"distance":5.020680904388428,"angle":82.78045654296875,"time":4.195103168487549}
{"distance":5.147336006164551,"angle":82.95769500732422,"time":4.300468444824219}
{"distance":5.285787582397461,"angle":83.14175415039063,"time":4.401169300079346}
{"distance":5.319819927215576,"angle":83.18553924560547,"time":4.558008193969727}
{"distance":6.082867622375488,"angle":84.03886413574219,"time":4.659376621246338}
{"distance":6.223588943481445,"angle":84.1734390258789,"time":4.760940074920654}
{"distance":6.341011047363281,"angle":84.28116607666016,"time":4.862178325653076}
{"distance":6.393361568450928,"angle":84.32792663574219,"time":4.964743614196777}
{"distance":6.430842876434326,"angle":84.3609390258789,"time":5.067811489105225}
{"distance":6.092877388000488,"angle":84.04863739013672,"time":5.1711883544921879}
{"distance":5.806674957275391,"angle":83.75581359863281,"time":5.272743225097656}
{"distance":5.718454360961914,"angle":83.65966033935547,"time":5.680085182189941}
{"distance":6.833653450012207,"angle":84.6928939819336,"time":5.781694412231445}
{"distance":6.96030330657959,"angle":84.78933715820313,"time":5.882670879364014}
{"distance":6.963747024536133,"angle":84.79190826416016,"time":5.9875617027282719}
{"distance":6.76578426361084,"angle":84.63972473144531,"time":6.088860034942627}
{"distance":6.443658828735352,"angle":84.37213897705078,"time":6.190813064575195}
{"distance":6.326639652252197,"angle":84.26819610595703,"time":6.318270206451416}
{"distance":6.1113457679748539,"angle":77.49845886230469,"time":6.688325881958008}
{"distance":5.802571773529053,"angle":79.93562316894531,"time":6.790055751800537}
{"distance":5.365545272827148,"angle":82.03828430175781,"time":6.895739555358887}
{"distance":5.361978530883789,"angle":83.23900604248047,"time":6.9981184005737309}
{"distance":5.3141937255859379,"angle":83.17833709716797,"time":7.0999345779418949}
{"distance":5.237211227416992,"angle":78.36652374267578,"time":7.202906131744385}
{"distance":5.147725582122803,"angle":74.72667694091797,"time":7.342853546142578}
{"distance":4.654574394226074,"angle":66.70453643798828,"time":7.7074294090271}
{"distance":3.0545828342437746,"angle":71.70046997070313,"time":7.809429168701172}
{"distance":2.597989559173584,"angle":75.29886627197266,"time":7.913124084472656}
{"distance":2.0742928981781008,"angle":58.379920959472659,"time":8.017077445983887}
{"distance":1.7119135856628419,"angle":43.1859016418457,"time":8.119584083557129}
{"distance":1.4691901206970215,"angle":30.649986267089845,"time":8.223515510559082}
{"distance":1.3776252269744874,"angle":25.894943237304689,"time":8.374216079711914}
{"distance":1.019180417060852,"angle":14.479869842529297,"time":8.740782737731934}
{"distance":1.7463467121124268,"angle":30.762874603271486,"time":8.842588424682618}
{"distance":1.7642048597335816,"angle":30.753969192504884,"time":8.944328308105469}
{"distance":1.8902390003204346,"angle":33.72688674926758,"time":9.047012329101563}
{"distance":2.1160390377044679,"angle":38.34292984008789,"time":9.147061347961426}
{"distance":2.4346096515655519,"angle":44.10578918457031,"time":9.251574516296387}
{"distance":2.803088665008545,"angle":51.90256881713867,"time":9.354748725891114}
{"distance":2.845586061477661,"angle":52.88410186767578,"time":9.473864555358887}
{"distance":3.5844690799713136,"angle":73.29035186767578,"time":9.578566551208496}
{"distance":3.856898307800293,"angle":80.60974884033203,"time":9.6827974319458}
{"distance":3.826927661895752,"angle":80.53650665283203,"time":9.787219047546387}
{"distance":3.6856398582458498,"angle":76.51116943359375,"time":9.889968872070313}
{"distance":3.6647675037384035,"angle":64.98725891113281,"time":9.992527961730957}
{"distance":3.7433977127075197,"angle":60.341880798339847,"time":10.093670845031739}
{"distance":3.9247589111328127,"angle":59.132774353027347,"time":10.19715404510498}
{"distance":4.175577163696289,"angle":60.812984466552737,"time":10.299149513244629}
{"distance":4.4180803298950199,"angle":63.34490203857422,"time":10.399994850158692}
{"distance":4.560586452484131,"angle":66.9364242553711,"time":10.501900672912598}
{"distance":4.203300952911377,"angle":70.11263275146485,"time":10.60261344909668}
{"distance":3.931506395339966,"angle":69.48685455322266,"time":10.703108787536621}
{"distance":3.7893431186676027,"angle":70.570556640625,"time":10.803236961364746}
{"distance":3.6470484733581545,"angle":73.95393371582031,"time":10.903656005859375}
{"distance":3.3033010959625246,"angle":79.0439453125,"time":11.00634479522705}
{"distance":2.891803741455078,"angle":77.49512481689453,"time":11.106672286987305}
{"distance":2.4804704189300539,"angle":75.43943786621094,"time":11.274994850158692}
{"distance":1.6716010570526124,"angle":59.73923110961914,"time":11.378767013549805}
{"distance":1.4191644191741944,"angle":42.76791000366211,"time":11.478906631469727}
{"distance":1.430647373199463,"angle":33.59783935546875,"time":11.582094192504883}
{"distance":1.630246639251709,"angle":33.20132064819336,"time":11.684861183166504}
{"distance":1.9539374113082886,"angle":39.032344818115237,"time":11.785828590393067}
{"distance":2.318812847137451,"angle":47.55570983886719,"time":11.888800621032715}
{"distance":2.7348196506500246,"angle":57.614810943603519,"time":11.99075984954834}
{"distance":3.1556756496429445,"angle":68.1751480102539,"time":12.093698501586914}
{"distance":3.668426990509033,"angle":79.66695404052735,"time":12.196880340576172}
{"distance":4.136240482330322,"angle":80.36129760742188,"time":12.297961235046387}
{"distance":4.489182472229004,